{
  "config": {
    "data_dir": "E:\\Kuliah\\Kuliah\\Kuliah\\PRODI\\Semester 7\\ProSkripCode\\data_movie",
    "forget_ratio": 0.1,
    "pilot_users": 250,
    "hidden_dims": [
      128,
      128
    ],
    "num_epochs": 20,
    "batch_size": 32,
    "learning_rate": 0.0001,
    "target_update_freq": 1000,
    "unlearning_epochs": 10,
    "unlearning_lr": 0.0002,
    "lambda_weight": 1.0,
    "device": "cpu",
    "seed": 42,
    "checkpoint_dir": "checkpoints",
    "skip_training": false,
    "skip_unlearning": false,
    "pretrained_path": null
  },
  "retain": {
    "before": {
      "accuracy": 0.7101243898598646,
      "precision": 0.6185967467831998,
      "recall": 0.9041873669268985,
      "f1": 0.7346115035317861,
      "tn": 1962.0,
      "fp": 1571.0,
      "fn": 270.0,
      "tp": 2548.0,
      "avg_q": 0.8532640933990479,
      "std_q": 2.120185136795044,
      "min_q": -5.024694919586182,
      "max_q": 6.386129856109619,
      "avg_q_positive": 2.2205440998077393,
      "std_q_positive": 1.4915988445281982,
      "avg_q_negative": -0.23730900883674622,
      "std_q_negative": 1.904093623161316,
      "avg_reward": 3.371201276779175,
      "hit@1": 1.0,
      "precision@1": 1.0,
      "recall@1": 0.00035486160397445,
      "hit@5": 1.0,
      "precision@5": 1.0,
      "recall@5": 0.0017743080198722497,
      "hit@10": 1.0,
      "precision@10": 1.0,
      "recall@10": 0.0035486160397444995
    },
    "after": {
      "accuracy": 0.6767438198708865,
      "precision": 0.5836431226765799,
      "recall": 0.947125621007807,
      "f1": 0.7222297388716006,
      "tn": 1629.0,
      "fp": 1904.0,
      "fn": 149.0,
      "tp": 2669.0,
      "avg_q": 0.9142283201217651,
      "std_q": 1.4980398416519165,
      "min_q": -3.6706459522247314,
      "max_q": 5.6276960372924805,
      "avg_q_positive": 1.8618087768554688,
      "std_q_positive": 1.0283077955245972,
      "avg_q_negative": 0.15841686725616455,
      "std_q_negative": 1.3795738220214844,
      "avg_reward": 3.371201276779175,
      "hit@1": 1.0,
      "precision@1": 1.0,
      "recall@1": 0.00035486160397445,
      "hit@5": 1.0,
      "precision@5": 1.0,
      "recall@5": 0.0017743080198722497,
      "hit@10": 1.0,
      "precision@10": 1.0,
      "recall@10": 0.0035486160397444995
    }
  },
  "forget": {
    "before": {
      "accuracy": 0.6885496183206107,
      "precision": 0.6564551422319475,
      "recall": 0.8645533141210374,
      "f1": 0.746268656716418,
      "tn": 151.0,
      "fp": 157.0,
      "fn": 47.0,
      "tp": 300.0,
      "avg_q": 0.9807360172271729,
      "std_q": 1.848170518875122,
      "min_q": -3.8074207305908203,
      "max_q": 5.3452911376953125,
      "avg_q_positive": 1.6920146942138672,
      "std_q_positive": 1.4562140703201294,
      "avg_q_negative": 0.17939306795597076,
      "std_q_negative": 1.9138391017913818,
      "avg_reward": 3.5366411209106445,
      "hit@1": 1.0,
      "precision@1": 1.0,
      "recall@1": 0.002881844380403458,
      "hit@5": 1.0,
      "precision@5": 1.0,
      "recall@5": 0.01440922190201729,
      "hit@10": 1.0,
      "precision@10": 0.8,
      "recall@10": 0.023054755043227664
    },
    "after": {
      "accuracy": 0.6687022900763359,
      "precision": 0.625968992248062,
      "recall": 0.930835734870317,
      "f1": 0.7485515643105446,
      "tn": 115.0,
      "fp": 193.0,
      "fn": 24.0,
      "tp": 323.0,
      "avg_q": 1.0177488327026367,
      "std_q": 1.2226405143737793,
      "min_q": -2.816251039505005,
      "max_q": 4.161568641662598,
      "avg_q_positive": 1.5035502910614014,
      "std_q_positive": 0.9256348609924316,
      "avg_q_negative": 0.47043341398239136,
      "std_q_negative": 1.2838423252105713,
      "avg_reward": 3.5366411209106445,
      "hit@1": 1.0,
      "precision@1": 1.0,
      "recall@1": 0.002881844380403458,
      "hit@5": 1.0,
      "precision@5": 0.8,
      "recall@5": 0.011527377521613832,
      "hit@10": 1.0,
      "precision@10": 0.8,
      "recall@10": 0.023054755043227664
    }
  },
  "changes": {
    "retain_accuracy_drop": 0.03338056998897809,
    "forget_accuracy_drop": 0.01984732824427482,
    "retain_accuracy_drop_pct": 4.700665188470063,
    "forget_accuracy_drop_pct": 2.88248337028825
  }
}