{
  "config": {
    "data_dir": "E:\\Kuliah\\Kuliah\\Kuliah\\PRODI\\Semester 7\\ProSkripCode\\data_movie",
    "forget_ratio": 0.1,
    "pilot_users": 250,
    "hidden_dims": [
      128,
      128
    ],
    "num_epochs": 20,
    "batch_size": 32,
    "learning_rate": 0.0001,
    "target_update_freq": 1000,
    "unlearning_epochs": 10,
    "unlearning_lr": 0.0002,
    "lambda_weight": 1.0,
    "device": "cpu",
    "seed": 42,
    "checkpoint_dir": "checkpoints",
    "skip_training": false,
    "skip_unlearning": false,
    "pretrained_path": null
  },
  "retain": {
    "before": {
      "accuracy": 0.7101243898598646,
      "precision": 0.6185967467831998,
      "recall": 0.9041873669268985,
      "f1": 0.7346115035317861,
      "tn": 1962.0,
      "fp": 1571.0,
      "fn": 270.0,
      "tp": 2548.0,
      "avg_q": 0.8532640933990479,
      "std_q": 2.120185136795044,
      "min_q": -5.024694919586182,
      "max_q": 6.386129856109619,
      "avg_q_positive": 2.2205440998077393,
      "std_q_positive": 1.4915988445281982,
      "avg_q_negative": -0.23730900883674622,
      "std_q_negative": 1.904093623161316,
      "avg_reward": 3.371201276779175,
      "hit@1": 1.0,
      "precision@1": 1.0,
      "recall@1": 0.00035486160397445,
      "hit@5": 1.0,
      "precision@5": 1.0,
      "recall@5": 0.0017743080198722497,
      "hit@10": 1.0,
      "precision@10": 1.0,
      "recall@10": 0.0035486160397444995
    },
    "after": {
      "accuracy": 0.72114627617698,
      "precision": 0.6329017517136329,
      "recall": 0.8846699787083038,
      "f1": 0.7379014355483202,
      "tn": 2087.0,
      "fp": 1446.0,
      "fn": 325.0,
      "tp": 2493.0,
      "avg_q": 0.40380343794822693,
      "std_q": 1.2094001770019531,
      "min_q": -3.331383466720581,
      "max_q": 5.1839518547058105,
      "avg_q_positive": 1.1635937690734863,
      "std_q_positive": 0.930533230304718,
      "avg_q_negative": -0.20222237706184387,
      "std_q_negative": 1.053999900817871,
      "avg_reward": 3.371201276779175,
      "hit@1": 1.0,
      "precision@1": 1.0,
      "recall@1": 0.00035486160397445,
      "hit@5": 1.0,
      "precision@5": 1.0,
      "recall@5": 0.0017743080198722497,
      "hit@10": 1.0,
      "precision@10": 1.0,
      "recall@10": 0.0035486160397444995
    }
  },
  "forget": {
    "before": {
      "accuracy": 0.6885496183206107,
      "precision": 0.6564551422319475,
      "recall": 0.8645533141210374,
      "f1": 0.746268656716418,
      "tn": 151.0,
      "fp": 157.0,
      "fn": 47.0,
      "tp": 300.0,
      "avg_q": 0.9807360172271729,
      "std_q": 1.848170518875122,
      "min_q": -3.8074207305908203,
      "max_q": 5.3452911376953125,
      "avg_q_positive": 1.6920146942138672,
      "std_q_positive": 1.4562140703201294,
      "avg_q_negative": 0.17939306795597076,
      "std_q_negative": 1.9138391017913818,
      "avg_reward": 3.5366411209106445,
      "hit@1": 1.0,
      "precision@1": 1.0,
      "recall@1": 0.002881844380403458,
      "hit@5": 1.0,
      "precision@5": 1.0,
      "recall@5": 0.01440922190201729,
      "hit@10": 1.0,
      "precision@10": 0.8,
      "recall@10": 0.023054755043227664
    },
    "after": {
      "accuracy": 0.6885496183206107,
      "precision": 0.6613995485327314,
      "recall": 0.8443804034582133,
      "f1": 0.7417721518987341,
      "tn": 158.0,
      "fp": 150.0,
      "fn": 54.0,
      "tp": 293.0,
      "avg_q": 0.43838515877723694,
      "std_q": 0.9090942740440369,
      "min_q": -2.389354944229126,
      "max_q": 3.2317748069763184,
      "avg_q_positive": 0.7678135633468628,
      "std_q_positive": 0.7544392347335815,
      "avg_q_negative": 0.06724335253238678,
      "std_q_negative": 0.9253605008125305,
      "avg_reward": 3.5366411209106445,
      "hit@1": 1.0,
      "precision@1": 1.0,
      "recall@1": 0.002881844380403458,
      "hit@5": 1.0,
      "precision@5": 0.8,
      "recall@5": 0.011527377521613832,
      "hit@10": 1.0,
      "precision@10": 0.9,
      "recall@10": 0.025936599423631124
    }
  },
  "changes": {
    "retain_accuracy_drop": -0.011021886317115426,
    "forget_accuracy_drop": 0.0,
    "retain_accuracy_drop_pct": -1.552106430155212,
    "forget_accuracy_drop_pct": 0.0
  }
}