{
  "retain": {
    "before": {
      "accuracy": 0.6758793969849246,
      "precision": 0.5963368647872149,
      "recall": 0.9091157952367916,
      "f1": 0.7202342225113858,
      "tp": 6642,
      "fp": 4496,
      "fn": 664,
      "tn": 4118,
      "avg_reward": 3.446765184402466,
      "hit@1": 0.788135593220339,
      "precision@1": 0.788135593220339,
      "recall@1": 0.13477793441898267,
      "hit@5": 0.988135593220339,
      "precision@5": 0.6969491525423729,
      "recall@5": 0.5322860776575498,
      "hit@10": 1.0,
      "precision@10": 0.5671186440677967,
      "recall@10": 0.7320541506232031
    },
    "after": {
      "accuracy": 0.45891959798994975,
      "precision": 0.45891959798994975,
      "recall": 1.0,
      "f1": 0.6291225350899853,
      "tp": 7306,
      "fp": 8614,
      "fn": 0,
      "tn": 0,
      "avg_reward": 3.446765184402466,
      "hit@1": 0.3610169491525424,
      "precision@1": 0.3610169491525424,
      "recall@1": 0.05480995877270761,
      "hit@5": 0.8440677966101695,
      "precision@5": 0.4569491525423729,
      "recall@5": 0.3837015561489048,
      "hit@10": 0.9389830508474576,
      "precision@10": 0.42355932203389834,
      "recall@10": 0.6172629366469012
    },
    "comparison": {
      "precision@10": {
        "before": 0.5671186440677967,
        "after": 0.42355932203389834,
        "change": -0.14355932203389832,
        "change_pct": -25.313807531380757
      },
      "fp": {
        "before": 4496,
        "after": 8614,
        "change": 4118,
        "change_pct": 91.59252669039147
      },
      "f1": {
        "before": 0.7202342225113858,
        "after": 0.6291225350899853,
        "change": -0.09111168742140052,
        "change_pct": -12.65028577838235
      },
      "tp": {
        "before": 6642,
        "after": 7306,
        "change": 664,
        "change_pct": 9.996988858777476
      },
      "recall": {
        "before": 0.9091157952367916,
        "after": 1.0,
        "change": 0.09088420476320835,
        "change_pct": 9.996988858777481
      },
      "precision@1": {
        "before": 0.788135593220339,
        "after": 0.3610169491525424,
        "change": -0.4271186440677966,
        "change_pct": -54.19354838709677
      },
      "recall@5": {
        "before": 0.5322860776575498,
        "after": 0.3837015561489048,
        "change": -0.14858452150864498,
        "change_pct": -27.9144106422107
      },
      "precision": {
        "before": 0.5963368647872149,
        "after": 0.45891959798994975,
        "change": -0.13741726679726518,
        "change_pct": -23.043563950435704
      },
      "fn": {
        "before": 664,
        "after": 0,
        "change": -664,
        "change_pct": -100.0
      },
      "tn": {
        "before": 4118,
        "after": 0,
        "change": -4118,
        "change_pct": -100.0
      },
      "hit@10": {
        "before": 1.0,
        "after": 0.9389830508474576,
        "change": -0.06101694915254241,
        "change_pct": -6.101694915254241
      },
      "avg_reward": {
        "before": 3.446765184402466,
        "after": 3.446765184402466,
        "change": 0.0,
        "change_pct": 0.0
      },
      "hit@5": {
        "before": 0.988135593220339,
        "after": 0.8440677966101695,
        "change": -0.14406779661016944,
        "change_pct": -14.579759862778726
      },
      "recall@10": {
        "before": 0.7320541506232031,
        "after": 0.6172629366469012,
        "change": -0.11479121397630188,
        "change_pct": -15.68069983328136
      },
      "recall@1": {
        "before": 0.13477793441898267,
        "after": 0.05480995877270761,
        "change": -0.07996797564627506,
        "change_pct": -59.333136385426045
      },
      "precision@5": {
        "before": 0.6969491525423729,
        "after": 0.4569491525423729,
        "change": -0.24,
        "change_pct": -34.43579766536965
      },
      "accuracy": {
        "before": 0.6758793969849246,
        "after": 0.45891959798994975,
        "change": -0.21695979899497486,
        "change_pct": -32.100371747211895
      },
      "hit@1": {
        "before": 0.788135593220339,
        "after": 0.3610169491525424,
        "change": -0.4271186440677966,
        "change_pct": -54.19354838709677
      }
    }
  },
  "forget": {
    "before": {
      "accuracy": 0.6611636802899135,
      "precision": 0.588681446907818,
      "recall": 0.8808380619816674,
      "f1": 0.705717782829166,
      "tp": 2018,
      "fp": 1410,
      "fn": 273,
      "tn": 1266,
      "avg_reward": 3.4486610889434814,
      "hit@1": 0.7619047619047619,
      "precision@1": 0.7619047619047619,
      "recall@1": 0.1141091796356581,
      "hit@5": 0.9931972789115646,
      "precision@5": 0.7088435374149659,
      "recall@5": 0.4945767440948503,
      "hit@10": 1.0,
      "precision@10": 0.5884353741496599,
      "recall@10": 0.6848174031024576
    },
    "after": {
      "accuracy": 0.4612442117978659,
      "precision": 0.4612442117978659,
      "recall": 1.0,
      "f1": 0.631303389363461,
      "tp": 2291,
      "fp": 2676,
      "fn": 0,
      "tn": 0,
      "avg_reward": 3.4486610889434814,
      "hit@1": 0.38095238095238093,
      "precision@1": 0.38095238095238093,
      "recall@1": 0.06451286078218837,
      "hit@5": 0.7959183673469388,
      "precision@5": 0.46122448979591835,
      "recall@5": 0.3544866366245767,
      "hit@10": 0.9183673469387755,
      "precision@10": 0.4156462585034013,
      "recall@10": 0.5681467103757795
    },
    "comparison": {
      "precision@10": {
        "before": 0.5884353741496599,
        "after": 0.4156462585034013,
        "change": -0.17278911564625854,
        "change_pct": -29.36416184971099
      },
      "fp": {
        "before": 1410,
        "after": 2676,
        "change": 1266,
        "change_pct": 89.7872340425532
      },
      "f1": {
        "before": 0.705717782829166,
        "after": 0.631303389363461,
        "change": -0.074414393465705,
        "change_pct": -10.54449742889908
      },
      "tp": {
        "before": 2018,
        "after": 2291,
        "change": 273,
        "change_pct": 13.528245787908821
      },
      "recall": {
        "before": 0.8808380619816674,
        "after": 1.0,
        "change": 0.11916193801833264,
        "change_pct": 13.528245787908824
      },
      "precision@1": {
        "before": 0.7619047619047619,
        "after": 0.38095238095238093,
        "change": -0.38095238095238093,
        "change_pct": -50.0
      },
      "recall@5": {
        "before": 0.4945767440948503,
        "after": 0.3544866366245767,
        "change": -0.14009010747027362,
        "change_pct": -28.32525167083211
      },
      "precision": {
        "before": 0.588681446907818,
        "after": 0.4612442117978659,
        "change": -0.12743723510995209,
        "change_pct": -21.647910899748055
      },
      "fn": {
        "before": 273,
        "after": 0,
        "change": -273,
        "change_pct": -100.0
      },
      "tn": {
        "before": 1266,
        "after": 0,
        "change": -1266,
        "change_pct": -100.0
      },
      "hit@10": {
        "before": 1.0,
        "after": 0.9183673469387755,
        "change": -0.08163265306122447,
        "change_pct": -8.163265306122447
      },
      "avg_reward": {
        "before": 3.4486610889434814,
        "after": 3.4486610889434814,
        "change": 0.0,
        "change_pct": 0.0
      },
      "hit@5": {
        "before": 0.9931972789115646,
        "after": 0.7959183673469388,
        "change": -0.19727891156462585,
        "change_pct": -19.863013698630137
      },
      "recall@10": {
        "before": 0.6848174031024576,
        "after": 0.5681467103757795,
        "change": -0.11667069272667818,
        "change_pct": -17.03675931688067
      },
      "recall@1": {
        "before": 0.1141091796356581,
        "after": 0.06451286078218837,
        "change": -0.049596318853469726,
        "change_pct": -43.463916760971365
      },