{
  "retain": {
    "before": {
      "accuracy": 0.7118291761148904,
      "precision": 0.6064714946070878,
      "recall": 0.8880866425992779,
      "f1": 0.7207471159128364,
      "tp": 1968,
      "fp": 1277,
      "fn": 248,
      "tn": 1799,
      "avg_reward": 3.3115079402923584,
      "hit@1": 0.88,
      "precision@1": 0.88,
      "recall@1": 0.14810704878230874,
      "hit@5": 0.9942857142857143,
      "precision@5": 0.7325714285714285,
      "recall@5": 0.5413273730200507,
      "hit@10": 1.0,
      "precision@10": 0.5811428571428572,
      "recall@10": 0.7247417957221292
    },
    "after": {
      "accuracy": 0.6092214663643235,
      "precision": 0.5178141550312951,
      "recall": 0.9706678700361011,
      "f1": 0.6753532182103611,
      "tp": 2151,
      "fp": 2003,
      "fn": 65,
      "tn": 1073,
      "avg_reward": 3.3115079402923584,
      "hit@1": 0.7828571428571428,
      "precision@1": 0.7828571428571428,
      "recall@1": 0.13402050569576568,
      "hit@5": 0.9942857142857143,
      "precision@5": 0.6937142857142856,
      "recall@5": 0.5302998763917242,
      "hit@10": 1.0,
      "precision@10": 0.553142857142857,
      "recall@10": 0.7070582517296621
    },
    "comparison": {
      "tn": {
        "before": 1799,
        "after": 1073,
        "change": -726,
        "change_pct": -40.35575319622012
      },
      "precision@1": {
        "before": 0.88,
        "after": 0.7828571428571428,
        "change": -0.0971428571428572,
        "change_pct": -11.038961038961045
      },
      "precision": {
        "before": 0.6064714946070878,
        "after": 0.5178141550312951,
        "change": -0.08865733957579269,
        "change_pct": -14.61855014854915
      },
      "tp": {
        "before": 1968,
        "after": 2151,
        "change": 183,
        "change_pct": 9.298780487804878
      },
      "fp": {
        "before": 1277,
        "after": 2003,
        "change": 726,
        "change_pct": 56.85199686765857
      },
      "hit@10": {
        "before": 1.0,
        "after": 1.0,
        "change": 0.0,
        "change_pct": 0.0
      },
      "avg_reward": {
        "before": 3.3115079402923584,
        "after": 3.3115079402923584,
        "change": 0.0,
        "change_pct": 0.0
      },
      "precision@5": {
        "before": 0.7325714285714285,
        "after": 0.6937142857142856,
        "change": -0.03885714285714292,
        "change_pct": -5.304212168486749
      },
      "f1": {
        "before": 0.7207471159128364,
        "after": 0.6753532182103611,
        "change": -0.04539389770247526,
        "change_pct": -6.298172646169142
      },
      "recall@10": {
        "before": 0.7247417957221292,
        "after": 0.7070582517296621,
        "change": -0.017683543992467077,
        "change_pct": -2.439978499494055
      },
      "accuracy": {
        "before": 0.7118291761148904,
        "after": 0.6092214663643235,
        "change": -0.10260770975056688,
        "change_pct": -14.414653570480487
      },
      "recall@1": {
        "before": 0.14810704878230874,
        "after": 0.13402050569576568,
        "change": -0.014086543086543057,
        "change_pct": -9.511055147177899
      },
      "fn": {
        "before": 248,
        "after": 65,
        "change": -183,
        "change_pct": -73.79032258064517
      },
      "recall": {
        "before": 0.8880866425992779,
        "after": 0.9706678700361011,
        "change": 0.08258122743682317,
        "change_pct": 9.298780487804885
      },
      "hit@5": {
        "before": 0.9942857142857143,
        "after": 0.9942857142857143,
        "change": 0.0,
        "change_pct": 0.0
      },
      "precision@10": {
        "before": 0.5811428571428572,
        "after": 0.553142857142857,
        "change": -0.028000000000000136,
        "change_pct": -4.818092428711921
      },
      "hit@1": {
        "before": 0.88,
        "after": 0.7828571428571428,
        "change": -0.0971428571428572,
        "change_pct": -11.038961038961045
      },
      "recall@5": {
        "before": 0.5413273730200507,
        "after": 0.5302998763917242,
        "change": -0.011027496628326583,
        "change_pct": -2.0371215604347657
      }
    }
  },
  "forget": {
    "before": {
      "accuracy": 0.7424657534246575,
      "precision": 0.7355072463768116,
      "recall": 0.90625,
      "f1": 0.8120000000000002,
      "tp": 203,
      "fp": 73,
      "fn": 21,
      "tn": 68,
      "avg_reward": 3.7849314212799072,
      "hit@1": 0.7,
      "precision@1": 0.7,
      "recall@1": 0.08760032479352967,
      "hit@5": 1.0,
      "precision@5": 0.75,
      "recall@5": 0.5630557365217609,
      "hit@10": 1.0,
      "precision@10": 0.635,
      "recall@10": 0.7689368947482537
    },
    "after": {
      "accuracy": 0.6876712328767123,
      "precision": 0.6636904761904762,
      "recall": 0.9955357142857143,
      "f1": 0.7964285714285714,
      "tp": 223,
      "fp": 113,
      "fn": 1,
      "tn": 28,
      "avg_reward": 3.7849314212799072,
      "hit@1": 0.75,
      "precision@1": 0.75,
      "recall@1": 0.09019772739093226,
      "hit@5": 0.95,
      "precision@5": 0.6900000000000001,
      "recall@5": 0.5036550797073109,
      "hit@10": 1.0,
      "precision@10": 0.585,
      "recall@10": 0.7462012885694427
    },
    "comparison": {
      "tn": {
        "before": 68,
        "after": 28,
        "change": -40,
        "change_pct": -58.82352941176471
      },
      "precision@1": {
        "before": 0.7,
        "after": 0.75,
        "change": 0.050000000000000044,
        "change_pct": 7.1428571428571495
      },
      "precision": {
        "before": 0.7355072463768116,
        "after": 0.6636904761904762,
        "change": -0.07181677018633548,
        "change_pct": -9.764250527797335
      },
      "tp": {
        "before": 203,
        "after": 223,
        "change": 20,
        "change_pct": 9.852216748768473
      },
      "fp": {
        "before": 73,
        "after": 113,
        "change": 40,
        "change_pct": 54.794520547945204
      },
      "hit@10": {
        "before": 1.0,
        "after": 1.0,
        "change": 0.0,
        "change_pct": 0.0
      },
      "avg_reward": {
        "before": 3.7849314212799072,
        "after": 3.7849314212799072,
        "change": 0.0,
        "change_pct": 0.0
      },
      "precision@5": {
        "before": 0.75,
        "after": 0.6900000000000001,
        "change": -0.05999999999999994,
        "change_pct": -7.999999999999992
      },
      "f1": {
        "before": 0.8120000000000002,
        "after": 0.7964285714285714,
        "change": -0.015571428571428791,
        "change_pct": -1.917663617171033
      },
      "recall@10": {
        "before": 0.7689368947482537,
        "after": 0.7462012885694427,
        "change": -0.022735606178810985,
        "change_pct": -2.956758393841216
      },
      "accuracy": {
        "before": 0.7424657534246575,
        "after": 0.6876712328767123,
        "change": -0.0547945205479452,
        "change_pct": -7.380073800738007
      },
      "recall@1": {
        "before": 0.08760032479352967,
        "after": 0.09019772739093226,
        "change": 0.0025974025974025983,
        "change_pct": 2.9650604647009797
      },
      "fn": {
        "before": 21,
        "after": 1,
        "change": -20,
        "change_pct": -95.23809523809523
      },
      "recall": {
        "before": 0.90625,
        "after": 0.9955357142857143,
        "change": 0.0892857142857143,
        "change_pct": 9.852216748768475
      },
      "hit@5": {
        "before": 1.0,
        "after": 0.95,
        "change": -0.050000000000000044,
        "change_pct": -5.000000000000004
      },
      "precision@10": {
        "before": 0.635,
        "after": 0.585,
        "change": -0.050000000000000044,
        "change_pct": -7.8740157480315025
      },
      "hit@1": {
        "before": 0.7,
        "after": 0.75,
        "change": 0.050000000000000044,
        "change_pct": 7.1428571428571495
      },